#ENTITY,FIELD,LABEL,TYPE,OPTIONS,PREREQ_FIELD,PREREQ_VALUES,SUMMARY_ELEMENT_ORDER,MOBILE_ONLY,TARGET,MAXLENGTH,DEFAULT_VALUE,READONLY,OPTIONAL,EXTRA,HINT,,,,
#Application,blank,blank?,yesnoradio,,,,,,,,,,,,,,,,
#Application,name,name = finappid,hardwired,,,,,,both,,,,,,,,,,
#Application,applicationsource,electronic,hardwired,electronic,,,,,both,,,,,,,,,,
#Application,intakesource,intake source,hardwired,mobile,,,,,both,,,,,,,,,,
#Person,personid,HAVEN internal person ID,idgen,,,,,,both,,,,,,,,,,
Person,eapersonid,enroll authorization person ID,idgen,,,,,,both,,,,,,,,,,
Person,personfirstname,What is this person’s first name?,text,,,,1,,both,,,,,,,,,,
Person,personlastname,What is this person’s last name?,text,,,,2,,both,,,,,,,,,,
#Person,iscoverageapplicant,Does this person need health coverage?,yesnoradio,,,,,,both,,,,,,,,,,
Person,persondob,What is this person’s date of birth?,date,,,,,,both,,,,,YYYY-MM-DD in JSON,,,,,
Person,isssntrue,Does this person have a social security number?,yesnoradio,,,,,Y,both,,,,,,,,,,
Person,personssn,What is this person’s social security number?,ssn,,isssntrue,Y,,,both,,,,,,,,,,
Person,ssnapplied,Has this person applied for one?,yesnoradio,,isssntrue,N,,,both,,,,,,,,,,
Person,nonssnapplyreason,Why does this person not have a social security number?,dropdown,Can be issued for non-work reason only:nonWorkOnly|No SSN due to religious objections:religiousObjection|Not eligible for SSN:notEligible,ssnapplied,N,,,both,,,,,,,,,,
Person,gender,Please indicate this person’s gender,dropdown,male:M|female:F,,,,,both,,,,,,,,,,
Person,ispregnant,Is this person currently pregnant?,yesnoradio,,gender,F,,,haven,,,,,Y'/'N',,,,,
Person,pregnantduedate,What is her due date?,date,,ispregnant,Y,,,haven,,,,,,,,,,
Person,islast3pregnant,Has she been pregnant in the last 3 months?,yesnoradio,,ispregnant,N,,,haven,,,,,Y'/'N',,,,,
Person,pregnantenddate,On what date did her pregnancy end?,date,,islast3pregnant,Y,,,haven,,,,,,,,,,
Person,islast3pregnant,,hardwired,N,gender,M,,,haven,,,,,,,,,,
Person,numchildren,How many children is she expecting?,numeric,,ispregnant,Y,,,haven,2,,,,,,,,,
Person,Address,Please enter this person’s address,addressSection,,,,,,both,,,,,,,,,,
Address,personresidencystatus,Where does this person live?,dropdown,Lives in a fixed address in the District of Columbia:dcfixedaddress|District of Columbia resident temporarily living out of state (planning to return within 90 days):tempoos|Homeless resident of the District of Columbia:homelessresident|Does not live in the District of Columbia:nonresident,,,,Y,both,,,,,,,,,,
Address,isstateresident,,hardwired,Y,personresidencystatus,dcfixedaddress,,,both,,,,,,,,,,
Address,istempoos,,hardwired,N,personresidencystatus,dcfixedaddress,,,both,,,,,,,,,,
Address,nofixedaddress,,hardwired,N,personresidencystatus,dcfixedaddress,,,both,,,,,,,,,,
Address,isstateresident,,hardwired,Y,personresidencystatus,tempoos,,,both,,,,,,,,,,
Address,istempoos,,hardwired,Y,personresidencystatus,tempoos,,,both,,,,,,,,,,
Address,nofixedaddress,,hardwired,N,personresidencystatus,tempoos,,,both,,,,,,,,,,
Address,isstateresident,,hardwired,Y,personresidencystatus,homelessresident,,,both,,,,,,,,,,
Address,istempoos,,hardwired,N,personresidencystatus,homelessresident,,,both,,,,,,,,,,
Address,nofixedaddress,,hardwired,Y,personresidencystatus,homelessresident,,,both,,,,,,,,,,
Address,isstateresident,,hardwired,N,personresidencystatus,nonresident,,,both,,,,,,,,,,
Address,istempoos,,hardwired,N,personresidencystatus,nonresident,,,both,,,,,,,,,,
Address,nofixedaddress,,hardwired,N,personresidencystatus,nonresident,,,both,,,,,,,,,,
Address,addresstype,,hardwired,home,personresidencystatus,dcfixedaddress|tempoos,,,both,,,,,,,,,,
Address,streetaddress1,Please enter this person’s home address,text,,personresidencystatus,dcfixedaddress|tempoos,,,both,,,,,,,,,,
Address,streetaddress2,address line 2,text,,personresidencystatus,dcfixedaddress|tempoos,,,both,,,,Y,,,,,,
Address,city,city,text,,personresidencystatus,dcfixedaddress,,,both,,Washington,Y,,,,,,,
Address,statecd,state,text,,personresidencystatus,dcfixedaddress,,,both,,DC,Y,,,,,,,
Address,city,city,text,,personresidencystatus,tempoos,,,both,,,,,,,,,,
Address,statecd,state,text,,personresidencystatus,tempoos,,,both,,,,,,,,,,
Address,postalcode,zip,zip,,personresidencystatus,dcfixedaddress|tempoos,,,both,,,,,,,,,,
Address,isseparatemailaddress,Does this person have a separate mailing address?,yesnoradio,,personresidencystatus,dcfixedaddress|tempoos,,,both,,,,,,,,,,
Address,preferredaddress,,hardwired,Y,isseparatemailaddress,N,,,both,,,,,,,,,,
Address,mpostalcode,zip,zip,,isseparatemailaddress,Y,,,both,,,,,,,,,,
Address,mstatecd,state,dropdown,Alabama:AL|Alaska:AK|Arizona:AZ|Arkansas:AR|California:CA|Colorado:CO|Connecticut:CT|Delaware:DE|District Of Columbia:DC|Florida:FL|Georgia:GA|Guam:GU|Hawaii:HI|Idaho:ID|Illinois:IL|Indiana:IN|Iowa:IA|Kansas:KS|Kentucky:KY|Louisiana:LA|Maine:ME|Maryland:MD|Massachusetts:MA|Michigan:MI|Minnesota:MN|Mississippi:MS|Missouri:MO|Montana:MT|Nebraska:NE|Nevada:NV|New Hampshire:NH|New Jersey:NJ|New Mexico:NM|New York:NY|North Carolina:NC|North Dakota:ND|Ohio:OH|Oklahoma:OK|Oregon:OR|Pennsylvania:PA|Rhode Island:RI|South Carolina:SC|South Dakota:SD|Tennessee:TN|Texas:TX|Utah:UT|Vermont:VT|Virginia:VA|Washington:WA|West Virginia:WV|Wisconsin:WI|Wyoming:WY,isseparatemailaddress,Y,,,both,,,,,,,,,,
Address,mcity,city,text,,isseparatemailaddress,Y,,,both,,,,,,,,,,
Address,mstreetaddress2,address line 2,text,,isseparatemailaddress,Y,,,both,,,,Y,,,,,,
Address,mstreetaddress1,Please enter this person’s mailing address,text,,isseparatemailaddress,Y,,,both,,,,,,,,,,
Address,mpreferredaddress,,hardwired,N,isseparatemailaddress,Y,,,both,,,,,,,,,,
Address,maddresstype,,hardwired,mail,isseparatemailaddress,Y,,,both,,,,,,,,,,
Address,addresstype,,hardwired,mail,personresidencystatus,homelessresident|nonresident,,,both,,,,,,,,,,
Address,streetaddress1,Please enter this person’s mailing address,text,,personresidencystatus,homelessresident|nonresident,,,both,,,,,,,,,,
Address,streetaddress2,address line 2,text,,personresidencystatus,homelessresident|nonresident,,,both,,,,Y,,,,,,
Address,city,city,text,,personresidencystatus,homelessresident|nonresident,,,both,,,,,,,,,,
Address,statecd,state,dropdown,Alabama:AL|Alaska:AK|Arizona:AZ|Arkansas:AR|California:CA|Colorado:CO|Connecticut:CT|Delaware:DE|District Of Columbia:DC|Florida:FL|Georgia:GA|Guam:GU|Hawaii:HI|Idaho:ID|Illinois:IL|Indiana:IN|Iowa:IA|Kansas:KS|Kentucky:KY|Louisiana:LA|Maine:ME|Maryland:MD|Massachusetts:MA|Michigan:MI|Minnesota:MN|Mississippi:MS|Missouri:MO|Montana:MT|Nebraska:NE|Nevada:NV|New Hampshire:NH|New Jersey:NJ|New Mexico:NM|New York:NY|North Carolina:NC|North Dakota:ND|Ohio:OH|Oklahoma:OK|Oregon:OR|Pennsylvania:PA|Rhode Island:RI|South Carolina:SC|South Dakota:SD|Tennessee:TN|Texas:TX|Utah:UT|Vermont:VT|Virginia:VA|Washington:WA|West Virginia:WV|Wisconsin:WI|Wyoming:WY,personresidencystatus,homelessresident|nonresident,,,both,,,,,,,,,,
Address,postalcode,zip,zip,,personresidencystatus,homelessresident|nonresident,,,both,,,,,,,,,,
Address,preferredaddress,,hardwired,Y,personresidencystatus,homelessresident|nonresident,,,both,,,,,,,,,,
#Person,personresidencystatus,Where does this person live?,dropdown,Lives in a fixed address in the District of Columbia:dcfixedaddress|District of Columbia resident temporarily living out of state (planning to return within 90 days):tempoos|Homeless resident of the District of Columbia:homelessresident|Does not live in the District of Columbia:nonresident,,,,,both,,,,,,,,,,
#Person,isstateresident,,hardwired,Y,personresidencystatus,dcfixedaddress,,,both,,,,,,,,,,
#Person,istempoos,,hardwired,N,personresidencystatus,dcfixedaddress,,,both,,,,,,,,,,
#Person,nofixedaddress,,hardwired,N,personresidencystatus,dcfixedaddress,,,both,,,,,,,,,,
#Person,isstateresident,,hardwired,Y,personresidencystatus,tempoos,,,both,,,,,,,,,,
#Person,istempoos,,hardwired,Y,personresidencystatus,tempoos,,,both,,,,,,,,,,
#Person,nofixedaddress,,hardwired,N,personresidencystatus,tempoos,,,both,,,,,,,,,,
#Person,isstateresident,,hardwired,Y,personresidencystatus,homelessresident,,,both,,,,,,,,,,
#Person,istempoos,,hardwired,N,personresidencystatus,homelessresident,,,both,,,,,,,,,,
#Person,nofixedaddress,,hardwired,Y,personresidencystatus,homelessresident,,,both,,,,,,,,,,
#Person,isstateresident,,hardwired,N,personresidencystatus,nonresident,,,both,,,,,,,,,,
#Person,istempoos,,hardwired,N,personresidencystatus,nonresident,,,both,,,,,,,,,,
#Person,nofixedaddress,,hardwired,N,personresidencystatus,nonresident,,,both,,,,,,,,,,
#Person,dcHomeAddressSection,What is this person’s home address?,dcHomeAddressSection,,personresidencystatus,dcfixedaddress,,,both,,,,,,,,,,
#Person,oosHomeAddressSection,What is this person’s home address?,oosHomeAddressSection,,personresidencystatus,tempoos|nonresident,,,both,,,,,,,,,,
#Person,mailingAddressSection,What is this person’s mailing address?,mailingAddressSection,,personresidencystatus,homelessresident,,,both,,,,,,,,,,
#Person,isseparatemailaddress,Does this person have a separate mailing address?,yesnoradio,,personresidencystatus,dcfixedaddress|tempoos,,,both,,,,,,,,,,
#Person,mailingAddressSection,What is this person’s mailing address?,mailingAddressSection,,isseparatemailaddress,Y,,,both,,,,,,,,,,
Person,isuscitizen,Is this person a US Citizen or US National?,yesnoradio,,,,,,both,,,,,Y'/'N',,,,,
Person,naturalizedcitizen,Is this person a naturalized citizen?,yesnoradio,,isuscitizen,Y,,Y,both,,,,,,,,,,
Person,citizen_status,citizen status,hardwired,US,isuscitizen,Y,,,both,,,,,,,,,,
Person,citizen_status,citizen status,hardwired,NC,naturalizedcitizen,Y,,,both,,,,,,,,,,
Person,naturalizationNumber,What is this person’s Naturalization Number?,text,,naturalizedcitizen,Y,,,both,,,,,,,,,,
Person,lawfullypresent,Is this person lawfully present in the USA?,yesnoradio,,isuscitizen,N,,Y,both,,,,,Y'/'N',,,,,
Person,citizen_status,citizen status,hardwired,LP,lawfullypresent,Y,,,both,,,,,,,,,,
Person,citizen_status,citizen status,hardwired,NLP,lawfullypresent,N,,,both,,,,,,,,,,
Person,documentType,What government issued registration does this person retain to prove Lawful Presence?,dropdown,Permit to Reenter the United States (I-327):I327DocumentID|Permanent Resident Visa (I-551):I551DocumentID|Refugee Travel Document (I-571):I571DocumentID|Employment Authorization Document (I-766):I766DocumentID|Certificate of Citizenship Document:certOfCitDocumentID|Certificate of Naturalization Document:certOfNatDocumentID|Machine-readable Permanent Resident Visa (I-551):macReadI551DocumentID|Temporary Permanent Resident Visa (I-551):tempI551DocumentID|Lawful Record of Admission (I-94 Document):I94DocumentID|Record of Admission (I-94) in an Unexpired Foreign Passport:I94UnexpForeignPassportDocumentID|Unexpired Foreign Passport:unexpForeignPassportDocumentID|Certificate of Eligibility for Nonimmigrant Student Status (I-20):I20DocumentID|Certificate of Eligibility for Exchange Visitor Status (DS-2019):DS2019DocumentID|Other Document Containing Alien Registration Number:otherCase1DocumentID|Other Document Containing Record of Admission:otherCase2DocumentID,lawfullypresent,Y,,Y,both,,,,,,,,,,
Person,vetspouseorchild,Is this person the spouse or dependent child of a veteran or individual in active duty status?,yesnoradio,,lawfullypresent,Y,,,haven,,,,,,,,,,
Person,vetstatus,Is this person an honorably discharged veteran or active duty member of the military?,yesnoradio,,lawfullypresent,Y,,,haven,,,,,,,,,,
Person,alienNumber,What is this person’s Alien Registration Number? (digits only),id,,documentType,I327DocumentID|I551DocumentID|I571DocumentID|I766DocumentID|certOfCitDocumentID|certOfNatDocumentID|macReadI551DocumentID|tempI551DocumentID|otherCase1DocumentID,,,both,,,,,,,,,,
Person,citizenNumber,What is this person’s Citizenship Number?,id,,documentType,certOfCitDocumentID,,,both,,,,,,,,,,
Person,has_document_cert_of_citizenship,,hardwired,Y,documentType,certOfCitDocumentID,,,both,,,,,,,,,,
Person,has_document_cert_of_naturalization,,hardwired,Y,documentType,certOfNatDocumentID,,,both,,,,,,,,,,
Person,has_document_DS2019,,hardwired,Y,documentType,DS2019DocumentID,,,both,,,,,,,,,,
Person,has_document_I20,,hardwired,Y,documentType,I20DocumentID,,,both,,,,,,,,,,
Person,has_document_I327,,hardwired,Y,documentType,I327DocumentID,,,both,,,,,,,,,,
Person,has_document_I551_receipt_number,,hardwired,Y,documentType,I551DocumentID|macReadI551DocumentID,,,both,,,,,,,,,,
Person,has_document_I571,,hardwired,Y,documentType,I571DocumentID,,,both,,,,,,,,,,
Person,has_document_I94,,hardwired,Y,documentType,I94DocumentID|I94UnexpForeignPassportDocumentID,,,both,,,,,,,,,,
Person,has_document_temp_I551,,hardwired,Y,documentType,tempI551DocumentID,,,both,,,,,,,,,,
Person,naturalizationNumber,What is this person’s Naturalization Number?,id,,documentType,certOfNatDocumentID,,,both,,,,,,,,,,
Person,cardNumber,What is this person’s Card Number?,text,,documentType,I551DocumentID|I766DocumentID,,,both,,,,,,,,,,
Person,I94Number,What is this person’s I-94 Number?,id,,documentType,I94DocumentID|I94UnexpForeignPassportDocumentID|unexpForeignPassportDocumentID|I20DocumentID|DS2019DocumentID|otherCase2DocumentID,,,both,,,,,,,,,,
Person,visaNumber,What is this person’s Visa Number?,id,,documentType,macReadI551DocumentID|I94UnexpForeignPassportDocumentID,,,both,,,,,,,,,,
Person,sevisId,What is this person’s SEVIS ID (N) Number? (digits only),text,,documentType,I94DocumentID|I94UnexpForeignPassportDocumentID|unexpForeignPassportDocumentID|I20DocumentID|DS2019DocumentID|otherCase2DocumentID,,,both,,,,,,,,,,
Person,document_foreign_passport_passport_number,What is this person’s Foreign Passport Number?,text,,documentType,macReadI551DocumentID|tempI551DocumentID|I94UnexpForeignPassportDocumentID|unexpForeignPassportDocumentID,,,both,,,,,,,,,,
Person,document_foreign_passport_issuing_country,What is the country of issuance for this person’s passport?,dropdown,"ARUBA:ABW|AFGHANISTAN:AFG|ANGOLA:AGO|ANGUILLA:AIA|ELAND ISLANDS:ALA|ALBANIA:ALB|ANDORRA:AND|NETHERLANDS ANTILLES:ANT|UNITED ARAB EMIRATES:ARE|ARGENTINA:ARG|ARMENIA:ARM|AMERICAN SAMOA:ASM|ANTARCTICA:ATA|FRENCH SOUTHERN TERRITORIES:ATF|ANTIGUA AND BARBUDA:ATG|AUSTRALIA:AUS|AUSTRIA:AUT|AZERBAIJAN:AZE|BURUNDI:BDI|BELGIUM:BEL|BENIN:BEN|BURKINA FASO:BFA|BANGLADESH:BGD|BULGARIA:BGR|BAHRAIN:BHR|BAHAMAS:BHS|BOSNIA AND HERZEGOVINA:BIH|SAINT BARTHELEMY:BLM|BELARUS:BLR|BELIZE:BLZ|BERMUDA:BMU|BOLIVIA, PLURINATIONAL STATE OF:BOL|BRAZIL:BRA|BARBADOS:BRB|BRUNEI DARUSSALAM:BRN|BHUTAN:BTN|BOUVET ISLAND:BVT|BOTSWANA:BWA|CENTRAL AFRICAN REPUBLIC:CAF|CANADA:CAN|COCOS (KEELING) ISLANDS:CCK|SWITZERLAND:CHE|CHILE:CHL|CHINA:CHN|CETE D'IVOIRE:CIV|CAMEROON:CMR|CONGO, DEMOCRATIC REPUBLIC OF THE:COD|CONGO:COG|COOK ISLANDS:COK|COLOMBIA:COL|COMOROS:COM|CAPE VERDE:CPV|COSTA RICA:CRI|CUBA:CUB|CHRISTMAS ISLAND:CXR|CAYMAN ISLANDS:CYM|CYPRUS:CYP|CZECH REPUBLIC:CZE|GERMANY:DEU|DJIBOUTI:DJI|DOMINICA:DMA|DENMARK:DNK|DOMINICAN REPUBLIC:DOM|ALGERIA:DZA|ECUADOR:ECU|EGYPT:EGY|ERITREA:ERI|WESTERN SAHARA:ESH|SPAIN:ESP|ESTONIA:EST|ETHIOPIA:ETH|FINLAND:FIN|FIJI:FJI|FALKLAND ISLANDS (MALVINAS):FLK|FRANCE:FRA|FAROE ISLANDS:FRO|MICRONESIA, FEDERATED STATES OF:FSM|GABON:GAB|UNITED KINGDOM:GBR|GEORGIA:GEO|GUERNSEY:GGY|GHANA:GHA|GIBRALTAR:GIB|GUINEA:GIN|GUADELOUPE:GLP|GAMBIA:GMB|GUINEA-BISSAU:GNB|EQUATORIAL GUINEA:GNQ|GREECE:GRC|GRENADA:GRD|GREENLAND:GRL|GUATEMALA:GTM|FRENCH GUIANA:GUF|GUAM:GUM|GUYANA:GUY|HONG KONG:HKG|HEARD ISLAND AND MCDONALD ISLANDS:HMD|HONDURAS:HND|CROATIA:HRV|HAITI:HTI|HUNGARY:HUN|INDONESIA:IDN|ISLE OF MAN:IMN|INDIA:IND|BRITISH INDIAN OCEAN TERRITORY:IOT|IRELAND:IRL|IRAN, ISLAMIC REPUBLIC OF:IRN|IRAQ:IRQ|ICELAND:ISL|ISRAEL:ISR|ITALY:ITA|JAMAICA:JAM|JERSEY:JEY|JORDAN:JOR|JAPAN:JPN|KAZAKHSTAN:KAZ|KENYA:KEN|KYRGYZSTAN:KGZ|CAMBODIA:KHM|KIRIBATI:KIR|SAINT KITTS AND NEVIS:KNA|KOREA, REPUBLIC OF:KOR|KOSOVO:KVO|KUWAIT:KWT|LAO PEOPLE'S DEMOCRATIC REPUBLIC:LAO|LEBANON:LBN|LIBERIA:LBR|LIBYAN ARAB JAMAHIRIYA:LBY|SAINT LUCIA:LCA|LIECHTENSTEIN:LIE|SRI LANKA:LKA|LESOTHO:LSO|LITHUANIA:LTU|LUXEMBOURG:LUX|LATVIA:LVA|MACAO:MAC|SAINT MARTIN (FRENCH PART):MAF|MOROCCO:MAR|MONACO:MCO|MOLDOVA, REPUBLIC OF:MDA|MADAGASCAR:MDG|MALDIVES:MDV|MEXICO:MEX|MARSHALL ISLANDS:MHL|MACEDONIA, THE FORMER YUGOSLAV REPUBLIC OF:MKD|MALI:MLI|MALTA:MLT|MYANMAR:MMR|MONTENEGRO:MNE|MONGOLIA:MNG|NORTHERN MARIANA ISLANDS:MNP|MOZAMBIQUE:MOZ|MAURITANIA:MRT|MONTSERRAT:MSR|MARTINIQUE:MTQ|MAURITIUS:MUS|MALAWI:MWI|MALAYSIA:MYS|MAYOTTE:MYT|NAMIBIA:NAM|NEW CALEDONIA:NCL|NIGER:NER|NORFOLK ISLAND:NFK|NIGERIA:NGA|NICARAGUA:NIC|NIUE:NIU|NETHERLANDS:NLD|NORWAY:NOR|NEPAL:NPL|NAURU:NRU|NEW ZEALAND:NZL|OMAN:OMN|PAKISTAN:PAK|PANAMA:PAN|PITCAIRN:PCN|PERU:PER|PHILIPPINES:PHL|PALAU:PLW|PAPUA NEW GUINEA:PNG|POLAND:POL|PUERTO RICO:PRI|KOREA, DEMOCRATIC PEOPLE'S REPUBLIC OF:PRK|PORTUGAL:PRT|PARAGUAY:PRY|PALESTINIAN TERRITORY, OCCUPIED:PSE|FRENCH POLYNESIA:PYF|QATAR:QAT|REUNION:REU|ROMANIA:ROU|RUSSIAN FEDERATION:RUS|RWANDA:RWA|SAUDI ARABIA:SAU|SUDAN:SDN|SENEGAL:SEN|SINGAPORE:SGP|SOUTH GEORGIA AND THE SOUTH SANDWICH ISLANDS:SGS|SAINT HELENA, ASCENSION AND TRISTAN DA CUNHA:SHN|SVALBARD AND JAN MAYEN:SJM|SOLOMON ISLANDS:SLB|SIERRA LEONE:SLE|EL SALVADOR:SLV|SAN MARINO:SMR|SOMALIA:SOM|SAINT PIERRE AND MIQUELON:SPM|SERBIA:SRB|SOUTH SUDAN:SSD|STATELESS:STL|SAO TOME AND PRINCIPE:STP|SURINAME:SUR|SLOVAKIA:SVK|SLOVENIA:SVN|SWEDEN:SWE|SWAZILAND:SWZ|SEYCHELLES:SYC|SYRIAN ARAB REPUBLIC:SYR|TURKS AND CAICOS ISLANDS:TCA|CHAD:TCD|TOGO:TGO|THAILAND:THA|TAJIKISTAN:TJK|TOKELAU:TKL|TURKMENISTAN:TKM|TIMOR-LESTE:TLS|TONGA:TON|TRINIDAD AND TOBAGO:TTO|TUNISIA:TUN|TURKEY:TUR|TUVALU:TUV|TAIWAN, PROVINCE OF CHINA:TWN|TANZANIA, UNITED REPUBLIC OF:TZA|UGANDA:UGA|UKRAINE:UKR|UNITED STATES MINOR OUTLYING ISLANDS:UMI|URUGUAY:URY|UNITED STATES:USA|UZBEKISTAN:UZB|HOLY SEE (VATICAN CITY STATE):VAT|SAINT VINCENT AND THE GRENADINES:VCT|VENEZUELA, BOLIVARIAN REPUBLIC OF:VEN|VIRGIN ISLANDS (BRITISH):VGB|VIRGIN ISLANDS (U.S.):VIR|VIET NAM:VNM|VANUATU:VUT|WALLIS AND FUTUNA:WLF|SAMOA:WSM|YEMEN:YEM|SOUTH AFRICA:ZAF|ZAMBIA:ZMB|ZIMBABWE:ZWE",documentType,macReadI551DocumentID|tempI551DocumentID|I94UnexpForeignPassportDocumentID|unexpForeignPassportDocumentID,,,both,,,,,,,,,,
Person,document_foreign_passport_expiration_date,What is the Expiration Date of this person’s Foreign Passport?,date,,documentType,macReadI551DocumentID|tempI551DocumentID|I94UnexpForeignPassportDocumentID|unexpForeignPassportDocumentID,,,,,,,,,,,,,
Person,document_foreign_passport_I94_passport_number,What is this person’s Foreign Passport Number?,text,,documentType,I94UnexpForeignPassportDocumentID,,,both,,,,,,,,,,
Person,document_foreign_passport_I94_issuing_country,What is the country of issuance for this person’s passport?,dropdown,"ARUBA:ABW|AFGHANISTAN:AFG|ANGOLA:AGO|ANGUILLA:AIA|ELAND ISLANDS:ALA|ALBANIA:ALB|ANDORRA:AND|NETHERLANDS ANTILLES:ANT|UNITED ARAB EMIRATES:ARE|ARGENTINA:ARG|ARMENIA:ARM|AMERICAN SAMOA:ASM|ANTARCTICA:ATA|FRENCH SOUTHERN TERRITORIES:ATF|ANTIGUA AND BARBUDA:ATG|AUSTRALIA:AUS|AUSTRIA:AUT|AZERBAIJAN:AZE|BURUNDI:BDI|BELGIUM:BEL|BENIN:BEN|BURKINA FASO:BFA|BANGLADESH:BGD|BULGARIA:BGR|BAHRAIN:BHR|BAHAMAS:BHS|BOSNIA AND HERZEGOVINA:BIH|SAINT BARTHELEMY:BLM|BELARUS:BLR|BELIZE:BLZ|BERMUDA:BMU|BOLIVIA, PLURINATIONAL STATE OF:BOL|BRAZIL:BRA|BARBADOS:BRB|BRUNEI DARUSSALAM:BRN|BHUTAN:BTN|BOUVET ISLAND:BVT|BOTSWANA:BWA|CENTRAL AFRICAN REPUBLIC:CAF|CANADA:CAN|COCOS (KEELING) ISLANDS:CCK|SWITZERLAND:CHE|CHILE:CHL|CHINA:CHN|CETE D'IVOIRE:CIV|CAMEROON:CMR|CONGO, DEMOCRATIC REPUBLIC OF THE:COD|CONGO:COG|COOK ISLANDS:COK|COLOMBIA:COL|COMOROS:COM|CAPE VERDE:CPV|COSTA RICA:CRI|CUBA:CUB|CHRISTMAS ISLAND:CXR|CAYMAN ISLANDS:CYM|CYPRUS:CYP|CZECH REPUBLIC:CZE|GERMANY:DEU|DJIBOUTI:DJI|DOMINICA:DMA|DENMARK:DNK|DOMINICAN REPUBLIC:DOM|ALGERIA:DZA|ECUADOR:ECU|EGYPT:EGY|ERITREA:ERI|WESTERN SAHARA:ESH|SPAIN:ESP|ESTONIA:EST|ETHIOPIA:ETH|FINLAND:FIN|FIJI:FJI|FALKLAND ISLANDS (MALVINAS):FLK|FRANCE:FRA|FAROE ISLANDS:FRO|MICRONESIA, FEDERATED STATES OF:FSM|GABON:GAB|UNITED KINGDOM:GBR|GEORGIA:GEO|GUERNSEY:GGY|GHANA:GHA|GIBRALTAR:GIB|GUINEA:GIN|GUADELOUPE:GLP|GAMBIA:GMB|GUINEA-BISSAU:GNB|EQUATORIAL GUINEA:GNQ|GREECE:GRC|GRENADA:GRD|GREENLAND:GRL|GUATEMALA:GTM|FRENCH GUIANA:GUF|GUAM:GUM|GUYANA:GUY|HONG KONG:HKG|HEARD ISLAND AND MCDONALD ISLANDS:HMD|HONDURAS:HND|CROATIA:HRV|HAITI:HTI|HUNGARY:HUN|INDONESIA:IDN|ISLE OF MAN:IMN|INDIA:IND|BRITISH INDIAN OCEAN TERRITORY:IOT|IRELAND:IRL|IRAN, ISLAMIC REPUBLIC OF:IRN|IRAQ:IRQ|ICELAND:ISL|ISRAEL:ISR|ITALY:ITA|JAMAICA:JAM|JERSEY:JEY|JORDAN:JOR|JAPAN:JPN|KAZAKHSTAN:KAZ|KENYA:KEN|KYRGYZSTAN:KGZ|CAMBODIA:KHM|KIRIBATI:KIR|SAINT KITTS AND NEVIS:KNA|KOREA, REPUBLIC OF:KOR|KOSOVO:KVO|KUWAIT:KWT|LAO PEOPLE'S DEMOCRATIC REPUBLIC:LAO|LEBANON:LBN|LIBERIA:LBR|LIBYAN ARAB JAMAHIRIYA:LBY|SAINT LUCIA:LCA|LIECHTENSTEIN:LIE|SRI LANKA:LKA|LESOTHO:LSO|LITHUANIA:LTU|LUXEMBOURG:LUX|LATVIA:LVA|MACAO:MAC|SAINT MARTIN (FRENCH PART):MAF|MOROCCO:MAR|MONACO:MCO|MOLDOVA, REPUBLIC OF:MDA|MADAGASCAR:MDG|MALDIVES:MDV|MEXICO:MEX|MARSHALL ISLANDS:MHL|MACEDONIA, THE FORMER YUGOSLAV REPUBLIC OF:MKD|MALI:MLI|MALTA:MLT|MYANMAR:MMR|MONTENEGRO:MNE|MONGOLIA:MNG|NORTHERN MARIANA ISLANDS:MNP|MOZAMBIQUE:MOZ|MAURITANIA:MRT|MONTSERRAT:MSR|MARTINIQUE:MTQ|MAURITIUS:MUS|MALAWI:MWI|MALAYSIA:MYS|MAYOTTE:MYT|NAMIBIA:NAM|NEW CALEDONIA:NCL|NIGER:NER|NORFOLK ISLAND:NFK|NIGERIA:NGA|NICARAGUA:NIC|NIUE:NIU|NETHERLANDS:NLD|NORWAY:NOR|NEPAL:NPL|NAURU:NRU|NEW ZEALAND:NZL|OMAN:OMN|PAKISTAN:PAK|PANAMA:PAN|PITCAIRN:PCN|PERU:PER|PHILIPPINES:PHL|PALAU:PLW|PAPUA NEW GUINEA:PNG|POLAND:POL|PUERTO RICO:PRI|KOREA, DEMOCRATIC PEOPLE'S REPUBLIC OF:PRK|PORTUGAL:PRT|PARAGUAY:PRY|PALESTINIAN TERRITORY, OCCUPIED:PSE|FRENCH POLYNESIA:PYF|QATAR:QAT|REUNION:REU|ROMANIA:ROU|RUSSIAN FEDERATION:RUS|RWANDA:RWA|SAUDI ARABIA:SAU|SUDAN:SDN|SENEGAL:SEN|SINGAPORE:SGP|SOUTH GEORGIA AND THE SOUTH SANDWICH ISLANDS:SGS|SAINT HELENA, ASCENSION AND TRISTAN DA CUNHA:SHN|SVALBARD AND JAN MAYEN:SJM|SOLOMON ISLANDS:SLB|SIERRA LEONE:SLE|EL SALVADOR:SLV|SAN MARINO:SMR|SOMALIA:SOM|SAINT PIERRE AND MIQUELON:SPM|SERBIA:SRB|SOUTH SUDAN:SSD|STATELESS:STL|SAO TOME AND PRINCIPE:STP|SURINAME:SUR|SLOVAKIA:SVK|SLOVENIA:SVN|SWEDEN:SWE|SWAZILAND:SWZ|SEYCHELLES:SYC|SYRIAN ARAB REPUBLIC:SYR|TURKS AND CAICOS ISLANDS:TCA|CHAD:TCD|TOGO:TGO|THAILAND:THA|TAJIKISTAN:TJK|TOKELAU:TKL|TURKMENISTAN:TKM|TIMOR-LESTE:TLS|TONGA:TON|TRINIDAD AND TOBAGO:TTO|TUNISIA:TUN|TURKEY:TUR|TUVALU:TUV|TAIWAN, PROVINCE OF CHINA:TWN|TANZANIA, UNITED REPUBLIC OF:TZA|UGANDA:UGA|UKRAINE:UKR|UNITED STATES MINOR OUTLYING ISLANDS:UMI|URUGUAY:URY|UNITED STATES:USA|UZBEKISTAN:UZB|HOLY SEE (VATICAN CITY STATE):VAT|SAINT VINCENT AND THE GRENADINES:VCT|VENEZUELA, BOLIVARIAN REPUBLIC OF:VEN|VIRGIN ISLANDS (BRITISH):VGB|VIRGIN ISLANDS (U.S.):VIR|VIET NAM:VNM|VANUATU:VUT|WALLIS AND FUTUNA:WLF|SAMOA:WSM|YEMEN:YEM|SOUTH AFRICA:ZAF|ZAMBIA:ZMB|ZIMBABWE:ZWE",documentType,I94UnexpForeignPassportDocumentID,,,both,,,,,,,,,,
Person,document_foreign_passport_I94_expiration_date,What is the Expiration Date of this person’s I-94 Document?,date,,documentType,I94UnexpForeignPassportDocumentID,,,both,,,,,,,,,,
Person,document_I766_receipt_number,What is the Receipt Number of this person’s I-766 Document?,text,,documentType,I766DocumentID,,,both,,,,,,,,,,
Person,document_I766_expiration_date,What is the Expiration Date of this person’s I-766 Document?,date,,documentType,I766DocumentID,,,both,,,,,,,,,,
Person,document_mac_read_I551_passport_number,What is this person’s Foreign Passport Number?,text,,documentType,macReadI551DocumentID,,,both,,,,,,,,,,
Person,document_mac_read_I551_issuing_country,What is the country of issuance for this person’s passport?,dropdown,"ARUBA:ABW|AFGHANISTAN:AFG|ANGOLA:AGO|ANGUILLA:AIA|ELAND ISLANDS:ALA|ALBANIA:ALB|ANDORRA:AND|NETHERLANDS ANTILLES:ANT|UNITED ARAB EMIRATES:ARE|ARGENTINA:ARG|ARMENIA:ARM|AMERICAN SAMOA:ASM|ANTARCTICA:ATA|FRENCH SOUTHERN TERRITORIES:ATF|ANTIGUA AND BARBUDA:ATG|AUSTRALIA:AUS|AUSTRIA:AUT|AZERBAIJAN:AZE|BURUNDI:BDI|BELGIUM:BEL|BENIN:BEN|BURKINA FASO:BFA|BANGLADESH:BGD|BULGARIA:BGR|BAHRAIN:BHR|BAHAMAS:BHS|BOSNIA AND HERZEGOVINA:BIH|SAINT BARTHELEMY:BLM|BELARUS:BLR|BELIZE:BLZ|BERMUDA:BMU|BOLIVIA, PLURINATIONAL STATE OF:BOL|BRAZIL:BRA|BARBADOS:BRB|BRUNEI DARUSSALAM:BRN|BHUTAN:BTN|BOUVET ISLAND:BVT|BOTSWANA:BWA|CENTRAL AFRICAN REPUBLIC:CAF|CANADA:CAN|COCOS (KEELING) ISLANDS:CCK|SWITZERLAND:CHE|CHILE:CHL|CHINA:CHN|CETE D'IVOIRE:CIV|CAMEROON:CMR|CONGO, DEMOCRATIC REPUBLIC OF THE:COD|CONGO:COG|COOK ISLANDS:COK|COLOMBIA:COL|COMOROS:COM|CAPE VERDE:CPV|COSTA RICA:CRI|CUBA:CUB|CHRISTMAS ISLAND:CXR|CAYMAN ISLANDS:CYM|CYPRUS:CYP|CZECH REPUBLIC:CZE|GERMANY:DEU|DJIBOUTI:DJI|DOMINICA:DMA|DENMARK:DNK|DOMINICAN REPUBLIC:DOM|ALGERIA:DZA|ECUADOR:ECU|EGYPT:EGY|ERITREA:ERI|WESTERN SAHARA:ESH|SPAIN:ESP|ESTONIA:EST|ETHIOPIA:ETH|FINLAND:FIN|FIJI:FJI|FALKLAND ISLANDS (MALVINAS):FLK|FRANCE:FRA|FAROE ISLANDS:FRO|MICRONESIA, FEDERATED STATES OF:FSM|GABON:GAB|UNITED KINGDOM:GBR|GEORGIA:GEO|GUERNSEY:GGY|GHANA:GHA|GIBRALTAR:GIB|GUINEA:GIN|GUADELOUPE:GLP|GAMBIA:GMB|GUINEA-BISSAU:GNB|EQUATORIAL GUINEA:GNQ|GREECE:GRC|GRENADA:GRD|GREENLAND:GRL|GUATEMALA:GTM|FRENCH GUIANA:GUF|GUAM:GUM|GUYANA:GUY|HONG KONG:HKG|HEARD ISLAND AND MCDONALD ISLANDS:HMD|HONDURAS:HND|CROATIA:HRV|HAITI:HTI|HUNGARY:HUN|INDONESIA:IDN|ISLE OF MAN:IMN|INDIA:IND|BRITISH INDIAN OCEAN TERRITORY:IOT|IRELAND:IRL|IRAN, ISLAMIC REPUBLIC OF:IRN|IRAQ:IRQ|ICELAND:ISL|ISRAEL:ISR|ITALY:ITA|JAMAICA:JAM|JERSEY:JEY|JORDAN:JOR|JAPAN:JPN|KAZAKHSTAN:KAZ|KENYA:KEN|KYRGYZSTAN:KGZ|CAMBODIA:KHM|KIRIBATI:KIR|SAINT KITTS AND NEVIS:KNA|KOREA, REPUBLIC OF:KOR|KOSOVO:KVO|KUWAIT:KWT|LAO PEOPLE'S DEMOCRATIC REPUBLIC:LAO|LEBANON:LBN|LIBERIA:LBR|LIBYAN ARAB JAMAHIRIYA:LBY|SAINT LUCIA:LCA|LIECHTENSTEIN:LIE|SRI LANKA:LKA|LESOTHO:LSO|LITHUANIA:LTU|LUXEMBOURG:LUX|LATVIA:LVA|MACAO:MAC|SAINT MARTIN (FRENCH PART):MAF|MOROCCO:MAR|MONACO:MCO|MOLDOVA, REPUBLIC OF:MDA|MADAGASCAR:MDG|MALDIVES:MDV|MEXICO:MEX|MARSHALL ISLANDS:MHL|MACEDONIA, THE FORMER YUGOSLAV REPUBLIC OF:MKD|MALI:MLI|MALTA:MLT|MYANMAR:MMR|MONTENEGRO:MNE|MONGOLIA:MNG|NORTHERN MARIANA ISLANDS:MNP|MOZAMBIQUE:MOZ|MAURITANIA:MRT|MONTSERRAT:MSR|MARTINIQUE:MTQ|MAURITIUS:MUS|MALAWI:MWI|MALAYSIA:MYS|MAYOTTE:MYT|NAMIBIA:NAM|NEW CALEDONIA:NCL|NIGER:NER|NORFOLK ISLAND:NFK|NIGERIA:NGA|NICARAGUA:NIC|NIUE:NIU|NETHERLANDS:NLD|NORWAY:NOR|NEPAL:NPL|NAURU:NRU|NEW ZEALAND:NZL|OMAN:OMN|PAKISTAN:PAK|PANAMA:PAN|PITCAIRN:PCN|PERU:PER|PHILIPPINES:PHL|PALAU:PLW|PAPUA NEW GUINEA:PNG|POLAND:POL|PUERTO RICO:PRI|KOREA, DEMOCRATIC PEOPLE'S REPUBLIC OF:PRK|PORTUGAL:PRT|PARAGUAY:PRY|PALESTINIAN TERRITORY, OCCUPIED:PSE|FRENCH POLYNESIA:PYF|QATAR:QAT|REUNION:REU|ROMANIA:ROU|RUSSIAN FEDERATION:RUS|RWANDA:RWA|SAUDI ARABIA:SAU|SUDAN:SDN|SENEGAL:SEN|SINGAPORE:SGP|SOUTH GEORGIA AND THE SOUTH SANDWICH ISLANDS:SGS|SAINT HELENA, ASCENSION AND TRISTAN DA CUNHA:SHN|SVALBARD AND JAN MAYEN:SJM|SOLOMON ISLANDS:SLB|SIERRA LEONE:SLE|EL SALVADOR:SLV|SAN MARINO:SMR|SOMALIA:SOM|SAINT PIERRE AND MIQUELON:SPM|SERBIA:SRB|SOUTH SUDAN:SSD|STATELESS:STL|SAO TOME AND PRINCIPE:STP|SURINAME:SUR|SLOVAKIA:SVK|SLOVENIA:SVN|SWEDEN:SWE|SWAZILAND:SWZ|SEYCHELLES:SYC|SYRIAN ARAB REPUBLIC:SYR|TURKS AND CAICOS ISLANDS:TCA|CHAD:TCD|TOGO:TGO|THAILAND:THA|TAJIKISTAN:TJK|TOKELAU:TKL|TURKMENISTAN:TKM|TIMOR-LESTE:TLS|TONGA:TON|TRINIDAD AND TOBAGO:TTO|TUNISIA:TUN|TURKEY:TUR|TUVALU:TUV|TAIWAN, PROVINCE OF CHINA:TWN|TANZANIA, UNITED REPUBLIC OF:TZA|UGANDA:UGA|UKRAINE:UKR|UNITED STATES MINOR OUTLYING ISLANDS:UMI|URUGUAY:URY|UNITED STATES:USA|UZBEKISTAN:UZB|HOLY SEE (VATICAN CITY STATE):VAT|SAINT VINCENT AND THE GRENADINES:VCT|VENEZUELA, BOLIVARIAN REPUBLIC OF:VEN|VIRGIN ISLANDS (BRITISH):VGB|VIRGIN ISLANDS (U.S.):VIR|VIET NAM:VNM|VANUATU:VUT|WALLIS AND FUTUNA:WLF|SAMOA:WSM|YEMEN:YEM|SOUTH AFRICA:ZAF|ZAMBIA:ZMB|ZIMBABWE:ZWE",documentType,macReadI551DocumentID,,,both,,,,,,,,,,
Person,document_mac_read_I551_expiration_date,What is the Expiration Date of this person’s passport?,date,,documentType,macReadI551DocumentID,,,both,,,,,,,,,,
Person,isAKA,Does this document list any known aliases for this person?,yesnoradio,,documentType,I327DocumentID|I551DocumentID|I571DocumentID|I766DocumentID|certOfCitDocumentID|certOfNatDocumentID|macReadI551DocumentID|tempI551DocumentID|otherCase1DocumentID,,Y,both,,,,,Note: The Administering Entity (Requester) sends this indicator to the Hub.,,,,,
Person,alsoknownas,Please enter any known aliases for this person,text,,isAKA,Y,,,both,,,,Y,,,,,,
#Person,docDescReq,Please describe the name or code of this person’s Document,text,,documentType,otherCase1DocumentID|otherCase2DocumentID,,,both,,,,,,,,,,
#Person,comments,Please enter any additional information you would like VLP to know,text,,,,,,both,,,,,Note: The Requester populates this field.,,,,,
Person,nativeamerican,Is this person a member of an American Indian or Alaskan Native tribe?,yesnoradio,,,,,Y,both,,,,,Y'/'N',,,,,
Person,tribalid,What is this person’s tribal ID?,text,,nativeamerican,Y,,,both,,,,,,,,,,
Person,isincarcerated,Is this person currently incarcerated?,yesnoradio,,,,,,both,,,,,Y'/'N',,,,,
Person,isincarceratedpending,Is this person incarcerated pending disposition of charges?,yesnoradio,,isincarcerated,Y,,,both,,,,,,,,,,
Person,incarceratedstartdate,What is the date that this person became incarcerated?,date,,isincarcerated,Y,,,both,,,,,,,,,,
Person,isreleasedateknown,Do you know the expected release date for this person?,yesnoradio,,isincarcerated,Y,,,both,,,,,,,,,,
Person,incarceratedreleasedate,What is the expected release date for this person?,date,,isreleasedateknown,Y,,,both,,,,,,,,,,
Person,isincarceratedinstate,"Is this person involuntarily incarcerated in a jail, detention center, or halfway house in Washington, DC?",yesnoradio,,isincarcerated,Y,,,both,,,,,,,,,,
Person,incarcerationcenteraddress,"Please enter the name of the jail, detention center, or halfway house",text,,isincarceratedinstate,N,,,both,,,,,,,,,,
Person,incarcerationcenteraddress2,address,text,,isincarceratedinstate,N,,,both,,,,,,,,,,
Person,incarcerationcentercity,city,text,,isincarceratedinstate,N,,,both,,,,,,,,,,
Person,incarcerationcenterstate,state,dropdown,Alabama:AL|Alaska:AK|Arizona:AZ|Arkansas:AR|California:CA|Colorado:CO|Connecticut:CT|Delaware:DE|District Of Columbia:DC|Florida:FL|Georgia:GA|Guam:GU|Hawaii:HI|Idaho:ID|Illinois:IL|Indiana:IN|Iowa:IA|Kansas:KS|Kentucky:KY|Louisiana:LA|Maine:ME|Maryland:MD|Massachusetts:MA|Michigan:MI|Minnesota:MN|Mississippi:MS|Missouri:MO|Montana:MT|Nebraska:NE|Nevada:NV|New Hampshire:NH|New Jersey:NJ|New Mexico:NM|New York:NY|North Carolina:NC|North Dakota:ND|Ohio:OH|Oklahoma:OK|Oregon:OR|Pennsylvania:PA|Rhode Island:RI|South Carolina:SC|South Dakota:SD|Tennessee:TN|Texas:TX|Utah:UT|Vermont:VT|Virginia:VA|Washington:WA|West Virginia:WV|Wisconsin:WI|Wyoming:WY,isincarceratedinstate,N,,,both,,,,,,,,,,
Person,incarcerationcenterzip,zip,zip,,isincarceratedinstate,N,,,both,,,,,,,,,,
Person,isincarceratedend45,"Does this person intend to return to being a resident of Washington, DC within 45 days?",yesnoradio,,isincarceratedinstate,N,,,both,,,,,,,,,,
Person,isdisabled,Does this person have a disability?,yesnoradio,,,,,,both,,,,,Y'/'N',,,,,
#Person,ispreferred,Is this a preferred e-mail address?,yesnoradio,,,,,Y,haven,,,,,optional,,,,,
Person,homeemail,What is this person’s primary e-mail address? (optional),text,,,,,,both,,,,Y,,,,,,
Person,workemail,What is this person’s work e-mail address? (optional),text,,,,,,both,,,,Y,,,,,,
Person,homephone,What is this person’s home phone number? (optional),numeric,,,,,,both,,,,Y,,,,,,
Person,mobilephone,What is this person’s mobile phone number? (optional),numeric,,,,,,both,,,,Y,,,,,,
Person,preferredcontactmethod,How does this person prefer to receive letters from DC Health Link?,dropdown,By US mail only:post|By email only:email|Both US mail and email:mailEmail,,,,,both,,,,,{preferredmethod},,,,,
Person,preferredlanguage,What is this person’s preferred language for notices and other communication?,dropdown,English:english|Amharic:amharic|Spanish:spanish,,,,,both,,English,,,{preferredlanguage},,,,,
#ENTITY,FIELD,LABEL,TYPE,OPTIONS,PREREQ_FIELD,PREREQ_VALUES,,,haven,,,,,EXTRA,,,,,
#Person,applid,application ID,idgen,,,,,,haven,,,,,system generated after signin,,,,,
#Person,personid,HAVEN internal person ID,idgen,,,,,,haven,,,,,,,,,,
#Person,applname,,,,,,,,haven,,,,,name of application,,,,,
#Person,hrsworked,How many hours does this person work per week?,numeric,,,,,,haven,,,,,,,,,,
#Person,immigrationstatus,Please indicate this person's immigration status,dropdown,"Lawful Permanent Resident (LPR/Green Card Holder):01|Asylee:02|Refugee:03|Cuban/Haitian entrant:04|Paroled into the U.S. for at least one year:05|Conditional entrant granted before 1980:06|Battered non-citizen, spouse, child, or parent:07|Victim of trafficking or his or her spouse, child, sibling, or parent or individual with a pending application for a victim of trafficking visa:08|Granted withholding of deportation:09|Member of a federally recognized Indian tribe or American Indian born in Canada:10|Other:99",lawfullypresent,Y,,,both,,,,,,,,,,
Person,amerasianstatus,Was this person naturalized as a result of the American Homecoming Act?,yesnoradio,,immigrationstatus,1,,,haven,,,,,Y'/'N',,,,,
Person,iseligible,Is this person eligible for refugee medical assistance?,yesnoradio,,immigrationstatus,3,,,haven,,,,,,,,,,
Person,immigrationdate,What is this person's date of entry into the United States?,date,,immigrationstatus,01|02|03|04|09,,,haven,,,,,DD/MM/YYYY,,,,,
Person,race,Please indicate this person’s race (optional),multidropdown,White:white|Black or African American:black|Asian Indian:asianIndian|Chinese:chinese|Filipino:filipino|Japanese:japanese|Korean:korean|Vietnamese:vietnamese|Other Asian:asianUnspecified|Native Hawaiian:nativeHawaiian|Samoan:samoan|Guamanian or Chamorro:marianaIslands|Other Pacific Islander:nonMarianaPacificIsland|American Indian or Alaskan Native:AmericanAlaskanNative|Other:other,,,,,both,,,,Y,must be optional,,,,,
Person,ethnicity,"If Hispanic/Latino, please check all that apply (optional)",multidropdown,Mexican:mexican|Mexican American:mexicanAmerican|Chicano/a:chicano|Puerto Rican:puertoRican|Cuban:cuban|Other:other,,,,,both,,,,Y,,,,,,
Person,istaxrequired,Will this person file taxes in 2018?,yesnoradio,,,,,,haven,,,,,Y'/'N',,,,,
Person,isotherclaimed,Is this person claimed as a tax dependent by someone else?,yesnoradio,,,,,,haven,,,,,Y'/'N',,,,,
Person,isstudent,Is this person a student?,yesnoradio,,,,,,haven,,,,,Y'/'N',,,,,
Person,studentschooltype,What kind of school does this person attend?,dropdown,English Language Institute:englishlanginst|Open University:openuniversity|Primary:primary|Graduate School:graduateschool|Undergraduate:undergraduate|Technical:technical|Vocational:vocational|Equivalent Vocational/Tech:vocationaltech|Secondary (High School):secondary|Junior High School:juniorschool|GED:ged|Pre-School:preschool|Elementary:elementary,isstudent,Y,,,haven,,,,,{student_types},,,,,
Person,studenttype,What is this person's student status?,hardwired,fulltime,isstudent,Y,,,haven,,,,,{student_types},,,,,
Person,studentenddate,What is this person’s expected end date?,date,,isstudent,Y,,,haven,,,,,DD/MM/YYYY,,,,,
#Person,isltcattest,Is this person in long-term care?,yesnoradio,,,,,,haven,,,,,,,,,,
#Person,ispublicempbenefit,Has this person received state employee health benefits?,yesnoradio,,,,,,haven,,,,,Y'/'N',,,,,
#Person,ispriorinsured,Does this person have prior insurance?,yesnoradio,,isinsured,N,,,haven,,,,,Y'/'N',,,,,
Person,isformerfoster,Was this person formerly in foster care?,yesnoradio,,,,,,haven,,,,,Y'/'N',,,,,
Person,hadfostermedicaid,Did this person have Medicaid during foster care?,yesnoradio,,isformerfoster,Y,,,haven,,,,,Y'/'N',,,,,
Person,ageleftfoster,At what age did this person leave foster care?,numeric,,isformerfoster,Y,,,haven,2,,,,digits only,,,,,
Person,fosterstatecd,In what state was this person in foster care?,dropdown,Alabama:AL|Alaska:AK|Arizona:AZ|Arkansas:AR|California:CA|Colorado:CO|Connecticut:CT|Delaware:DE|District Of Columbia:DC|Florida:FL|Georgia:GA|Guam:GU|Hawaii:HI|Idaho:ID|Illinois:IL|Indiana:IN|Iowa:IA|Kansas:KS|Kentucky:KY|Louisiana:LA|Maine:ME|Maryland:MD|Massachusetts:MA|Michigan:MI|Minnesota:MN|Mississippi:MS|Missouri:MO|Montana:MT|Nebraska:NE|Nevada:NV|New Hampshire:NH|New Jersey:NJ|New Mexico:NM|New York:NY|North Carolina:NC|North Dakota:ND|Ohio:OH|Oklahoma:OK|Oregon:OR|Pennsylvania:PA|Rhode Island:RI|South Carolina:SC|South Dakota:SD|Tennessee:TN|Texas:TX|Utah:UT|Vermont:VT|Virginia:VA|Washington:WA|West Virginia:WV|Wisconsin:WI|Wyoming:WY,isformerfoster,Y,,,haven,,,,,,,,,,
Person,dailylivinghelp,"Does this person need help with activities of daily living (i.e. bathing, eating) through home health services, a nursing home, or other medical facility?",yesnoradio,,,,,,haven,,,,,Y'/'N',,,,,
Person,billpay3monthhelp,Does this person need help paying for medical bills from the last 3 months?,yesnoradio,,,,,,haven,,,,,Y'/'N',,,,,
#Person,status,Application Status,idgen,Pending:Pending|Active:Active|Archived:Archived|Cancelled:Cancelled|Completed:Completed|Inactive:Inactive|Predetermination:Predetermination|In Progress:In Progress|Submitted:Submitted,,,,,haven,,,,,,,,,,
Person,isinsured,Is this person currently enrolled in health coverage?,yesnoradio,,,,,,haven,,,,,Y'/'N',,,,,
Person,planexists,"Does this person currently have access to other health coverage, including through another person in his or her household?",yesnoradio,,,,,,haven,,,,,,,,,,
Person,currentInsuranceSection,Please describe insurance information for this person.,currentInsuranceSection,,isinsured,Y,,,haven,,,,,,,,,,
Person,potentialInsuranceSection,Please describe insurance information for this person.,potentialInsuranceSection,,planexists,Y,,,haven,,,,,,,,,,
Person,incomeSection,Please describe all potential sources of income for this person in 2018. (optional),incomeSection,,,,,,haven,,,,Y,,,,,,
Person,deductionSection,Please describe all potential adjustments to income for this person in 2018. (optional),deductionSection,,,,,,haven,,,,Y,,,,,,
DcHomeAddress,addresstype,,hardwired,home,,,,,both,,,,,,,,,,
DcHomeAddress,streetaddress1,Please enter this person’s home address,text,,,,,,both,,,,,,,,,,
DcHomeAddress,streetaddress2,address line 2,text,,,,,,both,,,,Y,,,,,,
DcHomeAddress,postalcode,zip,zip,,,,,,both,,,,,,,,,,
DcHomeAddress,city,city,text,,,,,,both,,Washington,Y,,,,,,,
DcHomeAddress,statecd,state,text,,,,,,both,,DC,Y,,,,,,,
DcHomeAddress,preferredaddress,Is this where this person prefers to receive correspondence?,yesnoradio,,,,,,both,,,,,,,,,,
OosHomeAddress,streetaddress1,Please enter this person’s home address,text,,,,,,both,,,,,,,,,,
OosHomeAddress,streetaddress2,address line 2,text,,,,,,both,,,,,,,,,,
OosHomeAddress,city,city,text,,,,,,both,,,,,,,,,,
OosHomeAddress,statecd,state,dropdown,Alabama:AL|Alaska:AK|Arizona:AZ|Arkansas:AR|California:CA|Colorado:CO|Connecticut:CT|Delaware:DE|Florida:FL|Georgia:GA|Guam:GU|Hawaii:HI|Idaho:ID|Illinois:IL|Indiana:IN|Iowa:IA|Kansas:KS|Kentucky:KY|Louisiana:LA|Maine:ME|Maryland:MD|Massachusetts:MA|Michigan:MI|Minnesota:MN|Mississippi:MS|Missouri:MO|Montana:MT|Nebraska:NE|Nevada:NV|New Hampshire:NH|New Jersey:NJ|New Mexico:NM|New York:NY|North Carolina:NC|North Dakota:ND|Ohio:OH|Oklahoma:OK|Oregon:OR|Pennsylvania:PA|Rhode Island:RI|South Carolina:SC|South Dakota:SD|Tennessee:TN|Texas:TX|Utah:UT|Vermont:VT|Virginia:VA|Washington:WA|West Virginia:WV|Wisconsin:WI|Wyoming:WY,,,,,both,,,,,,,,,,
OosHomeAddress,postalcode,zip,zip,,,,,,both,,,,,,,,,,
OosHomeAddress,preferredaddress,Is this where this person prefers to receive correspondence?,yesnoradio,,,,,,both,,,,,,,,,,
MailingAddress,addresstype,,hardwired,mail,,,,,both,,,,,,,,,,
MailingAddress,streetaddress1,Please enter this person’s mailing address,text,,,,,,both,,,,,,,,,,
MailingAddress,streetaddress2,address line 2,text,,,,,,both,,,,Y,,,,,,
MailingAddress,statecd,state,dropdown,Alabama:AL|Alaska:AK|Arizona:AZ|Arkansas:AR|California:CA|Colorado:CO|Connecticut:CT|Delaware:DE|District Of Columbia:DC|Florida:FL|Georgia:GA|Guam:GU|Hawaii:HI|Idaho:ID|Illinois:IL|Indiana:IN|Iowa:IA|Kansas:KS|Kentucky:KY|Louisiana:LA|Maine:ME|Maryland:MD|Massachusetts:MA|Michigan:MI|Minnesota:MN|Mississippi:MS|Missouri:MO|Montana:MT|Nebraska:NE|Nevada:NV|New Hampshire:NH|New Jersey:NJ|New Mexico:NM|New York:NY|North Carolina:NC|North Dakota:ND|Ohio:OH|Oklahoma:OK|Oregon:OR|Pennsylvania:PA|Rhode Island:RI|South Carolina:SC|South Dakota:SD|Tennessee:TN|Texas:TX|Utah:UT|Vermont:VT|Virginia:VA|Washington:WA|West Virginia:WV|Wisconsin:WI|Wyoming:WY,,,,,both,,,,,,,,,,
MailingAddress,postalcode,zip,zip,,,,,,both,,,,,,,,,,
MailingAddress,preferredaddress,Is this where this person prefers to receive correspondence?,yesnoradio,,,,,,both,,,,,,,,,,
#Address,personid,HAVEN internal person ID,idgen,,,,,,both,,,,,,,,,,
#Address,addresstype,address type,dropdown,Home:home|Mailing:mail|Business:work|N/A:other,,,1,,both,,,,,home'|'work',,,,,
#Address,streetaddress1,address line 1,text,,addresstype,home|mail|work|other,,,both,,,,,,,,,,
#Address,streetaddress2,address line 2,text,,addresstype,home|mail|work|other,,,both,,,,,,,,,,
#Address,city,city,text,,addresstype,home|mail|work|other,,,both,,,,,,,,,,
#Address,postalcode,zip,zip,,addresstype,home|mail|work|other,,,both,5,,,,,,,,,
#Address,statecd,state,dropdown,Alabama:AL|Alaska:AK|Arizona:AZ|Arkansas:AR|California:CA|Colorado:CO|Connecticut:CT|Delaware:DE|District Of Columbia:DC|Florida:FL|Georgia:GA|Guam:GU|Hawaii:HI|Idaho:ID|Illinois:IL|Indiana:IN|Iowa:IA|Kansas:KS|Kentucky:KY|Louisiana:LA|Maine:ME|Maryland:MD|Massachusetts:MA|Michigan:MI|Minnesota:MN|Mississippi:MS|Missouri:MO|Montana:MT|Nebraska:NE|Nevada:NV|New Hampshire:NH|New Jersey:NJ|New Mexico:NM|New York:NY|North Carolina:NC|North Dakota:ND|Ohio:OH|Oklahoma:OK|Oregon:OR|Pennsylvania:PA|Rhode Island:RI|South Carolina:SC|South Dakota:SD|Tennessee:TN|Texas:TX|Utah:UT|Vermont:VT|Virginia:VA|Washington:WA|West Virginia:WV|Wisconsin:WI|Wyoming:WY,addresstype,home|mail|work|other,,,both,,DC,,,,,,,,
#Address,istempoos,"Is this person a DC resident temporarily living outside DC, who intends to return once the reason for temporary absence ends",yesnoradio,,statecd,AL|AK|AZ|AR|CA|CO|CT|DE|FL|GA|GU|HI|ID|IL|IN|IA|KS|KY|LA|ME|MD|MA|MI|MN|MS|MO|MT|NE|NV|NH|NJ|NM|NY|NC|ND|OH|OK|OR|PA|RI|SC|SD|TN|TX|UT|VT|VA|WA|WV|WI|WY ,,,both,,,,,,,,,,
#Address,preferredaddress,Is this where this person prefers to be contacted?,yesnoradio,,addresstype,home|mail|work|other,,,both,,,,,Y'/'N',,,,,
#Income,applid,application ID,idgen,,,,,,haven,,,,,,,,,,
#Income,personid,HAVEN internal person ID,idgen,,,,,,haven,,,,,,,,,,
Income,incomeid,,idgen,,,,,,haven,,,,,,,,,,
Income,isjobincome,What category of income is this?,dropdown,Job Income:job|Other Income:other,,,,Y,haven,,,,,,,,,,
Income,incometype,Please choose the specific type of income,dropdown,"Wages, salaries, tips, etc.:wages_and_salaries|Self Employment Income:net_self_employment",isjobincome,job,,,haven,,,,,,,,,,
Income,employername,What is the name of this person’s employer?,text,,isjobincome,job,,,haven,,,,,,,,,,
Income,employerein,What is this employer’s employer identification number?,id,,isjobincome,job,,,haven,9,,,,,,,,,
Income,employeraddress,What is this employer’s street address?,text,,isjobincome,job,,,haven,,,,,,,,,,
Income,employercity,What city?,text,,isjobincome,job,,,haven,,,,,,,,,,
Income,employerstate,What state?,dropdown,Alabama:AL|Alaska:AK|Arizona:AZ|Arkansas:AR|California:CA|Colorado:CO|Connecticut:CT|Delaware:DE|District Of Columbia:DC|Florida:FL|Georgia:GA|Guam:GU|Hawaii:HI|Idaho:ID|Illinois:IL|Indiana:IN|Iowa:IA|Kansas:KS|Kentucky:KY|Louisiana:LA|Maine:ME|Maryland:MD|Massachusetts:MA|Michigan:MI|Minnesota:MN|Mississippi:MS|Missouri:MO|Montana:MT|Nebraska:NE|Nevada:NV|New Hampshire:NH|New Jersey:NJ|New Mexico:NM|New York:NY|North Carolina:NC|North Dakota:ND|Ohio:OH|Oklahoma:OK|Oregon:OR|Pennsylvania:PA|Rhode Island:RI|South Carolina:SC|South Dakota:SD|Tennessee:TN|Texas:TX|Utah:UT|Vermont:VT|Virginia:VA|Washington:WA|West Virginia:WV|Wisconsin:WI|Wyoming:WY,isjobincome,job,,,haven,,,,,,,,,,
Income,employerzipcode,What zip code?,zip,,isjobincome,job,,,haven,,,,,,,,,,
Income,incometype,Please choose the specific type of income,dropdown,"Taxable interest:interest|Tax-exempt interest:tax_exempt_interest|Ordinary dividends:dividend|Taxable refunds, credits, or offsets of state and local income taxes:taxableRefunds|Alimony received:alimony_and_maintenance|American Indian or Alaskan Native Income:american_indian_and_alaskan_native|Business income (or loss):businessIncome|Capital gain (or loss):capital_gains|Employer-Funded Disability Benefits:employer_funded_disability|Estate Trust:estate_trust|Foreign Income:foreign|Income from the IRS:income_from_irs|Other gains (or losses):otherGains|IRA distributions:iraDistributions|Lump-sum amount:lump_sum_amount|Military Income:military|Pensions and annuities:pension_retirement_benefits|Permanent Workers Comepensation:permanent_workers_compensation|Prizes and Awards:prizes_and_awards|Scholarship payments:scholorship_payments|Rental real-estate, royalties, partnerships, S corporations, trusts, etc.:rental_and_royalty|Farm Income:farming_and_fishing|Unemployment compensation:unemployment_insurance|Social security benefits:social_security_benefit|Taxable social security benefits:supplemental_security_income|Other income:other",isjobincome,other,,,haven,,,,,,,,,,
Income,incomeamount,What amount does this person receive?,currency,,,,2,,haven,6,,,,,,,,,
Income,paymentfrequency,How frequently?,dropdown,Monthly:12|Weekly:52|Bi-weekly:26|Bi-monthly:6|Quarterly:4|Half-yearly:2|Annually:1|Daily:365,,,,,haven,,,,,{paymentfrequency},,,,,
#Income,startdate,On what date did the person begin to receive this income?,date,,,,,Y,haven,,,,,DD/MM/YYYY,,,,,
#Income,isenddate,Does this person still receive this income?,yesnoradio,,isenddate,N,,,haven,,,,,,,,,,
#Income,enddate,On what date did the person stop receiving this income? (optional),date,,,,,,haven,,,,Y,"DD/MM/YYYY, optional [maybe a prereq question, “Do you currently work here?”]",,,,,
#Income,annualincome,What is this person's annual income?,currency,,incometype,wages|selfEmployment|taxableInterest|taxExemptInterest|ordinaryDividends|taxableRefunds|alimony|businessIncome|capitalGains|otherGains|iraDistributions|pensionAnnuities|realestatePlus|farmIncome|unemployment|socialSecurity|taxableSocialSecurity|otherIncome,,,haven,6,,,,"schema says ‘decimal’ and ‘system generated,’ so is this actually an estimate of annual income by multiplying income amount by payment frequency?",,,,,
#Income,incomeid,,idgen,,,,,,haven,,,,,increment,,,,,
#Income,wagetype,What is this person's wage type with his/her employer? (What tax form does he/she receive at the end of the year?),dropdown,W2 Tax Form:w2|1099 Tax Form:1099,incometype,wages,,,haven,,,,,,,,,,
#Income,employeeiseligible,Is this person eligible for health insurance through his/her employer?,yesnoradio,,incometype,wages,,,haven,,,,,,,,,,
#Income,employerplancover,Who receives coverage under this person’s plan?,dropdown,Employee Only:eeOnly|Entire Family:wholeFamily|Employee & Spouse:eeSpouse|Employee & Dependents:eeDependents,employeeiseligible,Y,,,haven,,,,,,,,,,
#Income,employerplanminimum,Is this person’s plan a Minimum Essential Coverage plan?,yesnoradio,,employeeiseligible,Y,,,haven,,,,,,,,,,
#Income,employeecostfrequency,How frequently does this person pay for his/her health premium?,dropdown,Monthly:12|Weekly:52|Bi-weekly:26|Bi-monthly:6|Quarterly:4|Half-yearly:2|Annually:1|Daily:365,employeeiseligible,Y,,,haven,,,,,,,,,,
#Income,employercost,How much does this person pay?,currency,,employeeiseligible,Y,,,haven,,,,,,,,,,
#Income,employeeeligdate,On what date will this person become eligible for employer-sponsored health insurance?,date,,employeeiseligible,N,,,haven,,,,,,,,,,
#Deduction,applid,application ID,idgen,,,,,,haven,,,,,,,,,,
#Deduction,personid,HAVEN internal person ID,idgen,,,,,,haven,,,,,,,,,,
Deduction,incomeid,,idgen,,,,1,,haven,,,,,,,,,,
Deduction,incometype,What kind of deduction is this?,dropdown,"Alimony paid:alimony_paid|Certain business expenses of reservists, artists and fee-basis govt officials:businessExpenses|Domestic production activities deduction:domestic_production_activities|Educator expenses:educator_expenses|Health savings account deduction:health_savings_account|IRA deduction:ira_deduction|Moving expenses:moving_expenses|Self-employed health insurance deduction:self_employed_health_insurance|Self-employed SEP, SIMPLE and qualified plans:selfEmployPlans|Deductible part of self-employment tax:deductable_part_of_self_employment_taxes|Student Loan interest deduction:student_loan_interest_deduction|Tuition and fees:tuition_and_fees|Penalty on early withdrawal of savings:penalty_on_early_withdrawal_of_savings|Other deductions:otherDeductions",,,,,haven,,,,,{incometype},,,,,
Deduction,incomeamount,How much does this person pay for this deduction?,currency,,,,2,,haven,6,,,,,,,,,
Deduction,paymentfrequency,How frequently does this person pay this deduction?,dropdown,Monthly:12|Weekly:52|Bi-weekly:26|Bi-monthly:6|Quarterly:4|Half-yearly:2|Annually:1|Daily:365,,,,,haven,,,,,{paymentfrequency},,,,,
#Deduction,annualincome,How much income does this person receive each pay period?,currency,,incometype,alimonyPaid|businessExpenses|domProductionDeductions|educatorExpenses|healthSavingsDeductions|iraDeductions|movingExpenses|selfEmployInsDeductions|selfEmployPlans|selfEmployTaxDeductions|studentLoanIntDeductions|tuition|withdrawalPenalty,,,haven,6,,,,"schema says ‘decimal’ and ‘system generated,’ so is this actually an estimate of annual income by multiplying income amount by payment frequency?",,,,,
#Deduction,incomeid,,idgen,,,,,,haven,,,,,increment,,,,,
CurrentInsurance,personenrolled,,hardwired,Y,,,,,haven,,,,,,,,,,
CurrentInsurance,planexists,,hardwired,Y,,,,,haven,,,,,,,,,,
CurrentInsurance,insurancetype,What type of plan is this?,dropdown,Employer-sponsored coverage:esi|Coverage purchased on the individual market:indmkt|AmeriCorps:amer|Continuation coverage from a previous employer (COBRA):cobra|DoD Non-App Fund:dodnonapp|Foreign Government Insurance:fgi|Medicaid and CHIP (Children’s Health Insurance Program):MEDC|Medicare:MEDI|Medicare Advantage:medi-a|NAF Health Benefit:naf|Other Exchange:other|Peace Corps:PECO|Health Care for Peace Corps:pecohc|Refugee Medical Assistance:refugee|State High Risk Pool:risk|Student Health Plan:sthp|Tricare:TRIC|Veterans Benefits:vetb|Veterans (VA):vhac,,,1,,haven,,,,,{insurancetype},,,,,
CurrentInsurance,entityname,What is the name of this employer?,text,,insurancetype,esi|cobra,,,haven,,,,,,,,,,
CurrentInsurance,employeraddress,What is this employer’s address?,text,,insurancetype,esi|cobra,,,haven,,,,,,,,,,
CurrentInsurance,employercity,city,text,,insurancetype,esi|cobra,,,haven,,,,,,,,,,
CurrentInsurance,employerstate,state,dropdown,Alabama:AL|Alaska:AK|Arizona:AZ|Arkansas:AR|California:CA|Colorado:CO|Connecticut:CT|Delaware:DE|District Of Columbia:DC|Florida:FL|Georgia:GA|Guam:GU|Hawaii:HI|Idaho:ID|Illinois:IL|Indiana:IN|Iowa:IA|Kansas:KS|Kentucky:KY|Louisiana:LA|Maine:ME|Maryland:MD|Massachusetts:MA|Michigan:MI|Minnesota:MN|Mississippi:MS|Missouri:MO|Montana:MT|Nebraska:NE|Nevada:NV|New Hampshire:NH|New Jersey:NJ|New Mexico:NM|New York:NY|North Carolina:NC|North Dakota:ND|Ohio:OH|Oklahoma:OK|Oregon:OR|Pennsylvania:PA|Rhode Island:RI|South Carolina:SC|South Dakota:SD|Tennessee:TN|Texas:TX|Utah:UT|Vermont:VT|Virginia:VA|Washington:WA|West Virginia:WV|Wisconsin:WI|Wyoming:WY,insurancetype,esi|cobra,,,haven,,,,,,,,,,
CurrentInsurance,employerzipcode,zip,zip,,insurancetype,esi|cobra,,,haven,,,,,,,,,,
CurrentInsurance,entityein,What is this employer’s employer identification number (EIN)?,id,,insurancetype,esi|cobra,,,haven,9,,,,,,,,,
CurrentInsurance,planMEC,Does this employer offer a health plan that meets the minimum value standard?,yesnoradio,,insurancetype,esi|cobra,,,haven,,,,,,,,,,
CurrentInsurance,plancoverage,Who receives coverage under this person’s plan?,dropdown,Employee Only:eeOnly|Entire Family:wholeFamily|Employee & Spouse:eeSpouse|Employee & Dependents:eeDependents,insurancetype,esi|cobra,,,haven,,,,,,,,,,
CurrentInsurance,startdate,What is the start date of this person’s coverage?,date,,insurancetype,esi|indmkt|amer|cobra|dodnonapp|fgi|MEDC|MEDI|medi-a|naf|other|PECO|pecohc|refugee|risk|sthp|TRIC|vetb|vhac,,,haven,,,,,,,,,,
CurrentInsurance,enddate,What is the end date of this person’s coverage? (optional),date,,insurancetype,esi|indmkt|amer|cobra|dodnonapp|fgi|MEDC|MEDI|medi-a|naf|other|PECO|pecohc|refugee|risk|sthp|TRIC|vetb|vhac,,,haven,,,,Y,,,,,,
CurrentInsurance,personcost,How much would the employee only pay for the lowest cost minimum value standard plan?,currency,,insurancetype,esi|cobra,,,haven,,,,,,,,,,
CurrentInsurance,costfrequency,How frequently does this person pay his/her health premium?,dropdown,Monthly:12|Weekly:52|Bi-weekly:26|Bi-monthly:6|Quarterly:4|Half-yearly:2|Annually:1|Daily:365,insurancetype,esi|cobra,,,haven,,,,,,,,,,
CurrentInsurance,insuranceid,,idgen,,,,,,haven,,,,,increment,,,,,
PotentialInsurance,planexists,"Does this person currently have access to other health coverage, including through another person in his or her household?",hardwired,Y,insurancetype,esi|cobra,,,haven,,,,,,,,,,
PotentialInsurance,personenrolled,,hardwired,N,,,,,haven,,,,,,,,,,
PotentialInsurance,personeligible,Is the applicant in a waiting period and eligible to enroll in the next 3 months?,yesnoradio,,,,,,haven,,,,,,,,,,
PotentialInsurance,insurancetype,What type of plan is this?,dropdown,Employer-sponsored coverage:esi|Coverage purchased on the individual market:indmkt|AmeriCorps:amer|Continuation coverage from a previous employer (COBRA):cobra|DoD Non-App Fund:dodnonapp|Foreign Government Insurance:fgi|Medicaid and CHIP (Children’s Health Insurance Program):MEDC|Medicare:MEDI|Medicare Advantage:medi-a|NAF Health Benefit:naf|Other Exchange:other|Peace Corps:PECO|Health Care for Peace Corps:pecohc|Refugee Medical Assistance:refugee|State High Risk Pool:risk|Student Health Plan:sthp|Tricare:TRIC|Veterans Benefits:vetb|Veterans (VA):vhac,,,1,,haven,,,,,{insurancetype},,,,,
PotentialInsurance,entityname,What is the name of this employer?,text,,insurancetype,esi|cobra,,,haven,,,,,,,,,,
PotentialInsurance,employeraddress,What is this employer’s address?,text,,insurancetype,esi|cobra,,,haven,,,,,,,,,,
PotentialInsurance,employercity,city,text,,insurancetype,esi|cobra,,,haven,,,,,,,,,,
PotentialInsurance,employerstate,state,dropdown,Alabama:AL|Alaska:AK|Arizona:AZ|Arkansas:AR|California:CA|Colorado:CO|Connecticut:CT|Delaware:DE|District Of Columbia:DC|Florida:FL|Georgia:GA|Guam:GU|Hawaii:HI|Idaho:ID|Illinois:IL|Indiana:IN|Iowa:IA|Kansas:KS|Kentucky:KY|Louisiana:LA|Maine:ME|Maryland:MD|Massachusetts:MA|Michigan:MI|Minnesota:MN|Mississippi:MS|Missouri:MO|Montana:MT|Nebraska:NE|Nevada:NV|New Hampshire:NH|New Jersey:NJ|New Mexico:NM|New York:NY|North Carolina:NC|North Dakota:ND|Ohio:OH|Oklahoma:OK|Oregon:OR|Pennsylvania:PA|Rhode Island:RI|South Carolina:SC|South Dakota:SD|Tennessee:TN|Texas:TX|Utah:UT|Vermont:VT|Virginia:VA|Washington:WA|West Virginia:WV|Wisconsin:WI|Wyoming:WY,insurancetype,esi|cobra,,,haven,,,,,,,,,,
PotentialInsurance,employerzipcode,zip,zip,,insurancetype,esi|cobra,,,haven,,,,,,,,,,
PotentialInsurance,entityein,What is this employer’s employer identification number (EIN)?,id,,insurancetype,esi|cobra,,,haven,9,,,,,,,,,
PotentialInsurance,planMEC,Does this employer offer a health plan that meets the minimum value standard?,yesnoradio,,insurancetype,esi|cobra,,,haven,,,,,,,,,,
PotentialInsurance,plancoverage,Who receives coverage under this employee’s plan?,dropdown,Employee Only:eeOnly|Entire Family:wholeFamily|Employee & Spouse:eeSpouse|Employee & Dependents:eeDependents,insurancetype,esi|cobra,,,haven,,,,,,,,,,
PotentialInsurance,startdate,What is the start date of this person’s coverage?,date,,insurancetype,esi|indmkt|amer|cobra|dodnonapp|fgi|MEDC|MEDI|medi-a|naf|other|PECO|pecohc|refugee|risk|sthp|TRIC|vetb|vhac,,,haven,,,,,,,,,,
PotentialInsurance,enddate,What is the end date of this person’s coverage?,date,,insurancetype,esi|indmkt|amer|cobra|dodnonapp|fgi|MEDC|MEDI|medi-a|naf|other|PECO|pecohc|refugee|risk|sthp|TRIC|vetb|vhac,,,haven,,,,,,,,,,
PotentialInsurance,personcost,How much would the employee only pay for the lowest cost minimum value standard plan?,currency,,insurancetype,esi|cobra,,,haven,,,,,,,,,,
PotentialInsurance,costfrequency,How frequently does the employee pay his/her health premium?,dropdown,Monthly:12|Weekly:52|Bi-weekly:26|Bi-Ponthly:6|Quarterly:4|Half-yearly:2|Annually:1|Daily:365,insurancetype,esi|cobra,,,haven,,,,,,,,,,
Relationship,applicationrelationship,{personfirstname1} is {personfirstname2}'s,dropdown,Aunt or Uncle:auntUncle|Child:child|Domestic Partner:domestic Partner|Grandchild:grandchild|Grandparent:grandparent|Nephew or Niece:nephewNiece|Other:other|Parent:parent|Sibling/Stepsibling:sibling/Stepsibling|Spouse:spouse|Unrelated:unrelated,,,1,,both,,,,,{relationships},,,,,
Relationship,isprimarycaretaker,Is {personfirstname1} the primary caretaker of {personfirstname2}?,yesnoradio,,applicationrelationship,aunt/Uncle|grandparent,,,uqhp,,,,,,,,,,
Relationship,taxhousehold,Do they plan to file taxes jointly for 2018?,yesnoradio,,applicationrelationship,spouse,,,haven,,,,,Y'/'N',,,,,
Relationship,taxhousehold,Will either of these people claim the other as a dependent on their taxes in 2018?,yesnoradio,,applicationrelationship,aunt/Uncle|child|domestic Partner|grandchild|grandparent|nephew/Niece|other|parent|sibling/Stepsibling|unrelated,,,haven,,,,,,,,,,
#Phone,numbertype,what kind of number?,dropdown,Cell:cell|Home:home|Work:work|,,,1,,,,,,,home'/'work'/'cell',,,,,
#Phone,preferredphone,Is this this person’s preferred phone number?,yesnoradio,,,,,,,,,,,,,,,,
Attestation,eaid,,idgen,,,,,,both,,,,,,,,,,
Attestation,statecd,,hardwired,DC,,,,,both,,,,,,,,,,
Attestation,name,,hardwired,SAMPLE-UQHP-APPLICATION,,,,,both,,,,,,,,,,
Attestation,applicanttype,user and-or family,hardwired,user and-or family,,,,,both,,,,,,,,,,
Attestation,determinationtype,determinationtype,hardwired,uqhp-store,,,,,uqhp,,,,,,,,,,
Attestation,motivationtype,,hardwired,MT26301,,,,,both,,,,,,,,,,
Attestation,applicationsource,,hardwired,electronic,,,,,both,,,,,,,,,,
Attestation,appyear,,hardwired,2018,,,,,both,,,,,,,,,,
Attestation,finappid,financial applicationid,idgen,,,,,,both,,,,,,,,,,
Attestation,taxreturninfo,"To make it easier to determine my eligibility to help paying for coverage in future years, I agree to allow DC Health Link to use my income data, including information from tax returns, for the next five years. DC Health Link will send me a notice, let me make any changes, and I can opt out at any time.",yesnoradio,,,,,,haven,,,,,,,,,,
Attestation,taxreturneligibilitycheck,"When it's time to renew or change coverage, I authorize DC Health Link to automatically check my federal income tax returns for the sole purpose of redetermining my eligibility. How long would you like your eligibility for help paying for cost savings to be renewed?",dropdown,5 Years:5years|4 Years:4years|3 Years:3years|2 Years:2years|1 Year:1year|None. I understand that this means I won’t get cost savings in future years unless I change my mind and tell DC Health Link.:never,taxreturninfo,N,,,haven,,,,,,,,,,
Attestation,renewalauth,"I understand that eligibility for Medicaid or private health insurance, with or without financial assistance, will be reviewed every year. This process is called renewal. DC Health Link will review eligibility by checking its records and other electronic data sources including, with my consent, information about my federal tax returns from the IRS. DC Health Link will send me a notice that includes the information it has found by checking its records and other electronic data sources, and I will be able to correct information that is wrong. I may also be asked to provide additional information. If found eligible, Medicaid or private health insurance coverage, with or without financial assistance, will be extended for another year for myself and/or members of my application group. child support, veterans payments, or supplemental security income (SSI).",yesnoradio,,,,,,haven,,,,,,,,,,
Attestation,reportchangeauth,"I understand that I must report any changes that might affect my eligibility or the eligibility of a household member for Medicaid, private health insurance, or for help paying for private insurance. I can report changes by going online and logging into “My Account”, by calling DC Health Link Customer Service toll-free at (855) 532-5465, or by submitting information via mail or in-person at one of the Department of Human Services’ Service Centers.",yesnoradio,,,,,,haven,,,,,,,,,,
Attestation,mediinsauth,"If anyone in my application group is found eligible for Medicaid, I am authorizing the Medicaid agency to pursue and get any money from other health insurance, legal settlements, or other third parties that may be legally responsible for paying for any healthcare received by me or members of my applicant group. I am also giving to the Medicaid agency rights to pursue and get medical support from a spouse or parent.",yesnoradio,,,,,,haven,,,,,,,,,,
Attestation,outofhomeauth,"If any child on this application has a parent living outside of the home, I know that, if anyone in my application group is found eligible for Medicaid, I will be asked to cooperate with the Child Support Agency to collect medical support from the parent who lives outside the home. If I think that cooperating to collect medical support will harm me or my children, I can tell my case worker and I may not have to cooperate.",yesnoradio,,,,,,haven,,,,,,,,,,
Attestation,submitauth,"I am the person whose name appears in the signature line below. I understand that I am submitting an application for Medicaid, private health insurance, or help paying for private insurance and that information I have provided will be used to decide eligibility for each member of my application group. I have reviewed the information in this application and I attest under penalty of perjury that this is accurate and complete to the best of my knowledge. I understand if I am not truthful, there may be a penalty.",yesnoradio,,,,,,haven,,,,,,,,,,
Attestation,attestauth,"I have reviewed the information in this application, and I attest under penalty of perjury that it is accurate and complete to the best of my knowledge. I understand if I am not truthful, there may be a penalty.",yesnoradio,,,,,,haven,,,,,,,,,,
Attestation,medicaidauth,"If anyone in your application group is found eligible for Medicaid, do you authorize the Medicaid agency to pursue and get any money from other health insurance, legal settlements, or other third parties that may be legally responsible for paying for any medical expenses?",yesnoradio,,,,,,haven,,,,,,,,,,
Attestation,medicaiddhsreviewauth,"If some members of your family don't receive Medicaid as a result of this application, do you want to request a full review of your eligibility for Medicaid from the DC Department of Human Services (DHS)?",yesnoradio,,,,,,haven,,,,,,,,,,
Attestation,eligchangeauth,"I understand that I must report any changes that might affect my eligibility, or the eligibility of a household member for health insurance. I can report changes by logging in to my account at dchealthlink.com, by calling DC Health Link at (855) 532-5465, by sending information by US mail, or providing it in-person to one of the Department of Human Services’ Service Centers. I know that some personal information may be collected from other sources, such as District of Columbia or federal databases that can verify information I provided. I'm the person whose name appears in the signature line below.  I attest that I have permission from all the people listed on this application to submit the application on their behalf.",yesnoradio,,,,,,uqhp,,,,,,,,,,
Attestation,uqhpattestauth,"I understand that I’m submitting an application for health insurance, and that information I provided will be used to decide eligibility for each applicant. I've reviewed the information in this application, and I attest under penalty of perjury that it’s accurate and complete to the best of my knowledge. I understand that if I’m not truthful, there may be a penalty, including, but not limited to: ​1) Retroactive termination of my coverage and an obligation to repay all medical claims previously covered by the health insurance company, 2) Civil or criminal prosecution by federal or District of Columbia authorities.",yesnoradio,,,,,,uqhp,,,,,,,,,,
Attestation,esignaturefirstname,Electronic Signature: First Name,text,,,,,,both,,,,,,,,,,
Attestation,esignaturelastname,Last Name,text,,,,,,both,,,,,,,,,,
Attestation,voterregistration,"Would you like to have an application to register to vote mailed to you? Please note: if you select ""No"" you will be considered to have decided not to register to vote at this time. You may file a complaint if you believe that someone has interfered with your right to register or not register to vote, your right to privacy in deciding whether or not to register to vote, or your right to choose your own political party or other political choice. To file a complaint, contact the DC Board of Elections, 441 4th St NW, Suite 250 North, Washington, DC 20001, or call (202)727-2525.",yesnoradio,,,,,,both,,,,,,,,,,
#,,,,,,,,,,,,,,,,,,,